1788356280.6502320766	0.15	0	3156	0	--help
1788356283.8809459209	1.46	0	12685	0	open https://www.rfc-editor.org/rfc/rfc9110.html
1788356294.8892190456	0.54	0	264	0	find 404 Not Found
1788356301.7861471176	0.85	0	12612	0	click @2.8259
1788356318.2309548855	0.53	0	318	0	find 15.5.5
1788356329.2090559006	0.14	0	854	0	snapshot --help
1788356346.9070489407	0.52	0	82	0	snapshot @2.8257
1788356358.0549590588	0.51	0	120	0	find unwilling to disclose that one exists
1788356376.3116109371	0.53	0	104	0	find unwilling to disclose
1788356408.6348829269	0.53	0	122	0	find current mapping for the target resource
1788356423.5729959011	0.54	0	552	0	find stateless application-level protocol
1788356435.1284229755	0.53	0	98	0	find 3-digit integer
1788356450.0772750378	0.52	0	36	0	snapshot @2.8256
1788356461.6063690186	0.54	2	162	0	snapshot @2.8260
1788356467.3577289581	0.54	2	162	0	snapshot @2.8258
1788356467.9242238998	0.51	0	91	0	snapshot @2.8259
1788356485.7680079937	0.50	0	146	0	snapshot @2.8261
1788356486.2929899693	0.48	0	90	0	snapshot @2.8262
1788356486.8010210991	0.48	2	162	0	snapshot @2.8263
1788356487.3082599640	0.50	0	186	0	snapshot @2.8264
